--Poblado de tablas Via GenerateData.com

--Tabla Persona
INSERT INTO "persona" (id_persona,nombre,apellido,fecha_nacimiento,tipo_sangre,nacionalidad) VALUES (1,'Gretchen','Palmer','1982-01-20','AB-','Burundi'),(2,'Ishmael','Barron','1955-01-24','AB+','Mauritius'),(3,'Melodie','Randall','1941-11-18','AB-','United Arab Emirates'),(4,'Pandora','Wilcox','1951-01-31','O-','Sao Tome and Principe'),(5,'Marsden','Hodges','1999-10-01','O+','Azerbaijan'),(6,'Ashely','Rosa','1931-01-30','B-','France'),(7,'Raphael','Reese','1977-09-28','A+','Hong Kong'),(8,'Illiana','Best','1977-04-10','AB-','Åland Islands'),(9,'Anjolie','Harper','1941-04-10','AB-','Hong Kong'),(10,'Rafael','Burke','1956-07-27','A-','Tajikistan'),(11,'Jacqueline','Guerra','1950-04-30','AB+','Mauritius'),(12,'Len','Dorsey','1946-05-19','AB+','Korea, South'),(13,'Bradley','Schneider','1935-09-29','B+','Gabon'),(14,'Jena','Atkins','1984-11-08','O-','Cuba'),(15,'Hedwig','Bray','1956-02-13','O+','Bahrain'),(16,'Maggie','Bonner','1985-03-29','A+','Czech Republic'),(17,'Allistair','Hood','2014-09-06','O-','Liberia'),(18,'Petra','Moses','2004-02-29','O+','Grenada'),(19,'Nissim','Yang','2013-03-06','O+','Dominica'),(20,'Portia','Howe','1972-11-27','O-','Liechtenstein'),(21,'Caldwell','Fernandez','1964-11-09','AB+','Netherlands'),(22,'Ciara','Fry','1961-03-15','O-','Marshall Islands'),(23,'Courtney','Kramer','1976-10-22','O-','Paraguay'),(24,'Candace','Colon','1945-06-03','B+','Saint Helena, Ascension and Tristan da Cunha'),(25,'Dorothy','Noel','1976-08-21','A-','Israel'),(26,'Paki','Scott','1945-05-09','A+','Guyana'),(27,'Kimberley','Velasquez','2011-04-20','A-','United States'),(28,'Palmer','Meyer','2013-09-11','AB-','Macedonia'),(29,'Samson','Delaney','2004-09-14','AB+','Mongolia'),(30,'Idola','Jackson','1978-11-11','AB+','French Polynesia'),(31,'Destiny','Ayala','2005-03-14','O+','Qatar'),(32,'Fulton','Conrad','1942-01-03','O+','Namibia'),(33,'Maris','York','1938-10-25','B-','Algeria'),(34,'Keaton','Lawson','1999-09-17','B+','Sint Maarten'),(35,'Xenos','Avery','2005-06-01','AB-','Egypt'),(36,'Gillian','Bentley','1982-02-16','AB+','Saint Kitts and Nevis'),(37,'Ayanna','Wilcox','2014-04-02','O-','Syria'),(38,'Zachary','Byers','1996-02-04','B-','Italy'),(39,'Kitra','Fry','1973-04-10','A+','Western Sahara'),(40,'Bert','Trevino','1940-11-26','AB-','Norway'),(41,'Galena','Strong','1966-10-06','B+','Wallis and Futuna'),(42,'Kitra','Peters','1951-10-11','AB-','Taiwan'),(43,'Lamar','Atkins','1976-11-13','O+','Tanzania'),(44,'Elaine','Solis','1935-12-22','AB-','Colombia'),(45,'Daphne','Deleon','1973-02-13','AB+','Croatia'),(46,'Hunter','Britt','1985-03-23','O+','Malaysia'),(47,'Victoria','Sherman','1987-11-03','O-','Gibraltar'),(48,'Isabelle','Mitchell','2002-06-15','A+','Iran'),(49,'Clio','Hyde','1981-04-18','O-','San Marino'),(50,'Felicia','Strickland','1939-02-27','A-','Sint Maarten'),(51,'Abraham','Knapp','1975-01-30','A-','Bosnia and Herzegovina'),(52,'Nigel','Wooten','2011-08-25','A-','Equatorial Guinea'),(53,'Warren','Bowers','1986-08-23','B+','Portugal'),(54,'Leonard','Hopkins','2009-02-10','O+','Tokelau'),(55,'Quail','Hopkins','2015-05-25','AB+','French Polynesia'),(56,'Hamish','Ashley','1953-10-07','O+','Ukraine'),(57,'Perry','Marquez','1972-04-04','O-','Russian Federation'),(58,'Jenette','Mason','1972-04-25','B-','Marshall Islands'),(59,'Eagan','Fields','2004-04-19','B-','Timor-Leste'),(60,'Cadman','Hanson','1962-08-04','O+','Singapore'),(61,'Josiah','Nash','1939-06-07','A-','Virgin Islands, British'),(62,'Hop','Bradley','2014-04-27','A-','Austria'),(63,'Wendy','Greer','1952-09-21','AB+','Qatar'),(64,'Janna','Russell','2000-06-12','B+','Bouvet Island'),(65,'Hollee','Dalton','1980-04-19','O+','Switzerland'),(66,'Ori','Vaughan','1978-10-12','AB-','Gibraltar'),(67,'Brent','Moody','1938-07-28','A+','Thailand'),(68,'Rae','Schmidt','1995-08-14','A+','Svalbard and Jan Mayen Islands'),(69,'Oleg','Wade','1975-03-05','AB-','Bangladesh'),(70,'Maia','Estrada','1951-10-04','O-','Gambia'),(71,'Brynne','Miranda','1950-11-14','B-','Bermuda'),(72,'Amelia','Valdez','1972-09-17','A+','Switzerland'),(73,'Alan','Houston','1943-02-01','B+','Lithuania'),(74,'Curran','Gentry','1945-02-09','AB+','Bulgaria'),(75,'Wang','Lindsay','1947-06-23','O+','Cook Islands'),(76,'Herrod','Lambert','1935-01-04','AB-','Jamaica'),(77,'Declan','Weaver','1934-05-28','B+','Netherlands'),(78,'Duncan','Garcia','1970-03-02','B+','Turkey'),(79,'Merritt','Norris','1975-08-03','O+','Congo (Brazzaville)'),(80,'Rylee','Watson','1933-08-28','O+','Albania'),(81,'Aladdin','Lucas','1955-05-29','O-','Slovenia'),(82,'Jenna','Larson','1949-08-01','AB-','San Marino'),(83,'Geraldine','Branch','1932-02-19','O+','Russian Federation'),(84,'Igor','Espinoza','1981-08-11','AB-','Taiwan'),(85,'Thaddeus','Dudley','1984-02-12','B-','San Marino'),(86,'Eugenia','Duran','1958-12-07','A+','Christmas Island'),(87,'Rafael','Lawrence','1931-05-26','AB+','Equatorial Guinea'),(88,'Elton','Mccullough','1989-01-25','A-','Svalbard and Jan Mayen Islands'),(89,'Lavinia','Foley','1984-03-01','B+','India'),(90,'Shea','Burt','1943-03-13','O-','Belize'),(91,'Maxine','Chapman','2018-05-12','AB+','Viet Nam'),(92,'Sophia','Mercer','2000-09-10','A-','Honduras'),(93,'George','Meyer','1943-01-03','O-','Micronesia'),(94,'Murphy','Sloan','1973-11-13','AB+','Czech Republic'),(95,'Colin','Newton','1955-08-03','A-','Isle of Man'),(96,'Orlando','Mendez','1935-09-05','B+','Norfolk Island'),(97,'Bertha','Camacho','1944-06-07','B+','Azerbaijan'),(98,'Norman','Sheppard','1968-04-07','A-','Uzbekistan'),(99,'Coby','Page','1974-10-14','B-','Pakistan'),(100,'Virginia','Wiggins','1997-10-27','AB-','Bermuda'); INSERT INTO "persona" (id_persona,nombre,apellido,fecha_nacimiento,tipo_sangre,nacionalidad) VALUES (101,'Dalton','Cote','1940-07-08','B-','Turks and Caicos Islands'),(102,'Regina','Bernard','1991-11-26','O-','Iraq'),(103,'Hyatt','Ewing','2012-02-09','O+','South Sudan'),(104,'Fay','Cain','1993-05-09','B+','Saint Helena, Ascension and Tristan da Cunha'),(105,'Liberty','Summers','2017-11-08','A+','Namibia'),(106,'Grant','Obrien','1986-03-21','B-','Argentina'),(107,'Ashely','Perry','1967-07-07','AB+','Croatia'),(108,'Rogan','Butler','1980-02-26','A+','Western Sahara'),(109,'Nash','Nichols','2010-10-31','B-','Zimbabwe'),(110,'Abel','Leach','1960-07-08','A-','Andorra'),(111,'Galvin','Winters','1936-04-17','B-','Aruba'),(112,'Aiko','Hammond','1965-12-13','O-','Niger'),(113,'Nayda','Ryan','1973-06-01','AB-','Somalia'),(114,'Akeem','Talley','1987-05-16','O-','Anguilla'),(115,'Garth','Neal','2014-05-15','A-','Madagascar'),(116,'Brenna','Cardenas','1967-11-03','O+','Germany'),(117,'Mechelle','Mckinney','2006-03-22','AB-','Guadeloupe'),(118,'Stephen','Blair','1937-03-21','O-','Benin'),(119,'Amos','Gross','1978-11-14','A-','Marshall Islands'),(120,'Harlan','Washington','1991-02-28','A+','Korea, South'),(121,'Lillian','Robertson','1949-11-25','B+','Spain'),(122,'Kimberley','Velez','1980-06-21','B-','Bhutan'),(123,'Ahmed','Todd','2009-09-12','B+','Yemen'),(124,'Althea','Hernandez','1942-11-17','O-','Cocos (Keeling) Islands'),(125,'Neve','Short','1982-03-21','AB-','South Georgia and The South Sandwich Islands'),(126,'Orson','Noel','1984-12-11','AB-','Northern Mariana Islands'),(127,'David','Hurst','2006-11-03','O-','Slovakia'),(128,'Kerry','Franklin','1995-04-10','B-','Gibraltar'),(129,'Maite','Reed','1966-10-13','B+','Jordan'),(130,'Ann','Howell','1943-07-30','AB+','Guam'),(131,'Dorothy','Roach','2001-02-27','A-','Monaco'),(132,'Abigail','Avila','1980-06-02','B+','Burundi'),(133,'Zelda','Nichols','1971-08-28','O+','Cyprus'),(134,'Marvin','Olson','1980-10-31','A+','Turkmenistan'),(135,'Ralph','Poole','1950-12-19','B+','Samoa'),(136,'Dalton','Rosario','1993-02-26','AB+','Belarus'),(137,'Helen','Cash','1965-04-21','AB-','Pitcairn Islands'),(138,'Christian','Patton','1949-10-30','A-','Grenada'),(139,'Sage','Guzman','1976-07-12','B-','Afghanistan'),(140,'Chase','Castaneda','1972-10-25','AB+','Paraguay'),(141,'Holmes','Oneal','1985-04-17','B+','Åland Islands'),(142,'Nita','Caldwell','1967-07-01','B+','Greenland'),(143,'Jacqueline','Price','2015-03-27','O-','Oman'),(144,'Plato','Griffith','1984-02-24','B+','Gambia'),(145,'Mari','Garner','1996-01-31','O-','New Zealand'),(146,'Keely','Swanson','1941-01-24','O-','Mozambique'),(147,'Thaddeus','Wall','1992-10-24','A+','Mauritius'),(148,'Zephania','Mccray','1952-07-19','A+','Montenegro'),(149,'Aristotle','Salinas','1958-09-13','B+','Mozambique'),(150,'Evan','Wilkerson','2003-08-25','A+','Timor-Leste'),(151,'Justine','Dominguez','1984-01-05','O+','Bermuda'),(152,'Kay','Mcdowell','1939-12-21','AB-','Brazil'),(153,'Oleg','Prince','1971-08-10','A-','Bosnia and Herzegovina'),(154,'Ali','Kirby','1972-08-11','O-','Malawi'),(155,'Whitney','Bailey','1971-04-03','B+','Kenya'),(156,'Dale','Hester','1991-10-21','O+','Central African Republic'),(157,'Cecilia','Bush','1967-02-02','A+','Saint Barthélemy'),(158,'Noble','Neal','1997-10-17','A-','Solomon Islands'),(159,'Kimberley','Becker','1961-11-18','AB+','Montserrat'),(160,'Dieter','Weaver','1976-11-12','A+','Åland Islands'),(161,'Hall','Mercado','1997-04-07','B+','Bangladesh'),(162,'Aurelia','Rojas','1951-11-08','AB+','Bulgaria'),(163,'Mercedes','Valencia','1958-02-13','A-','Saint Kitts and Nevis'),(164,'Maxine','Rich','2014-05-10','AB-','Albania'),(165,'Alea','Meadows','1940-10-12','AB-','Gibraltar'),(166,'Hillary','Dorsey','1936-03-13','A+','Mauritius'),(167,'Aladdin','Nunez','1997-06-23','B+','Benin'),(168,'Haley','Snow','1988-12-24','B-','Wallis and Futuna'),(169,'Lael','Benjamin','2000-05-13','B-','Bermuda'),(170,'Zia','Gilmore','1966-09-07','O-','South Africa'),(171,'Brenna','Morgan','1969-05-21','O-','Ethiopia'),(172,'Sasha','Sharpe','1981-06-19','AB+','Laos'),(173,'Desirae','Collier','2014-09-07','AB+','Aruba'),(174,'Quentin','Dejesus','1978-10-30','A+','Cape Verde'),(175,'Leroy','Dunlap','2011-10-23','A-','Australia'),(176,'Brody','Franklin','1994-03-11','B+','Mozambique'),(177,'Aspen','Cross','1937-07-08','A-','Guam'),(178,'Ali','Robbins','1980-06-08','B+','Andorra'),(179,'Sophia','Landry','1985-07-10','A+','Turkmenistan'),(180,'Clayton','Johnston','1969-01-19','O+','Spain'),(181,'Althea','Hicks','1935-02-20','A-','Portugal'),(182,'Holmes','Bender','1996-01-07','O-','Malaysia'),(183,'Colby','Greene','2013-05-06','O+','Russian Federation'),(184,'Cassady','Burns','1984-08-16','AB+','Burkina Faso'),(185,'Dora','Page','1945-06-19','AB+','Cambodia'),(186,'Kay','Hess','2008-06-05','O+','American Samoa'),(187,'Tobias','Martinez','1996-01-15','A-','Iceland'),(188,'Arthur','Guy','1994-07-23','O-','Bhutan'),(189,'Kenyon','Dawson','1986-12-19','B-','Seychelles'),(190,'Reuben','Durham','2013-01-27','A+','Somalia'),(191,'Alea','Miles','2001-12-26','B+','Central African Republic'),(192,'Dennis','Blake','1944-10-17','A-','Syria'),(193,'Ivan','Baldwin','1958-05-17','O+','Myanmar'),(194,'Dylan','Kim','1992-08-29','B-','Chad'),(195,'Melodie','Hampton','1993-02-28','A-','Greece'),(196,'Arthur','Barker','1959-03-02','A+','France'),(197,'Gannon','Rocha','1989-01-17','B-','Zambia'),(198,'Chloe','Riley','2006-08-05','AB+','Sierra Leone'),(199,'Kelsey','Shepherd','1936-11-26','A-','Barbados'),(200,'Zeph','Alexander','1997-08-10','O-','Malawi'); INSERT INTO "persona" (id_persona,nombre,apellido,fecha_nacimiento,tipo_sangre,nacionalidad) VALUES (201,'Gillian','Mcleod','2004-06-11','O-','Guinea-Bissau'),(202,'Caldwell','Meyers','2007-10-13','A-','Latvia'),(203,'Fuller','Byrd','2015-05-15','AB+','Somalia'),(204,'Chase','Harrison','1970-10-27','AB+','Faroe Islands'),(205,'Scarlett','Hartman','1931-04-21','B-','Norway'),(206,'Wynne','Holman','1978-04-01','A+','Guernsey'),(207,'Sophia','Erickson','1948-02-18','AB-','Zambia'),(208,'Alexandra','Hubbard','1963-08-29','O+','Finland'),(209,'Jenna','Roy','1935-10-06','AB-','Mali'),(210,'Lacota','Melton','1938-10-15','A+','Palestine, State of'),(211,'Zeph','Freeman','1984-08-08','A-','Venezuela'),(212,'Kaitlin','Bradford','2005-07-17','A-','Bangladesh'),(213,'September','Rutledge','1960-07-21','AB-','Equatorial Guinea'),(214,'Colt','Johnson','1983-05-26','B-','Portugal'),(215,'Wynne','Barr','1931-06-07','A+','Peru'),(216,'Miranda','Schmidt','1942-06-04','B-','Venezuela'),(217,'Gloria','Cantu','1994-10-04','AB-','Angola'),(218,'Christian','Johnston','1938-01-15','B-','Thailand'),(219,'Jolie','Livingston','2013-10-10','O+','Romania'),(220,'Irene','Clark','1957-12-10','O+','Turkmenistan'),(221,'Jessamine','Richards','1999-04-27','B-','Korea, South'),(222,'Nola','Ingram','1961-07-21','A-','Portugal'),(223,'Heather','Serrano','1966-12-29','AB-','Sweden'),(224,'Myra','Bentley','1996-06-11','O+','Niger'),(225,'Patience','Roberts','1971-04-19','AB-','Malawi'),(226,'Indira','Farley','1940-02-19','B-','Reunion'),(227,'Allegra','Delaney','1949-01-21','B-','Kenya'),(228,'Cody','Mitchell','1943-12-29','O-','Algeria'),(229,'Raja','Bush','1936-10-06','B+','Guinea'),(230,'Sopoline','Barrett','2003-01-14','B+','Portugal'),(231,'Caryn','Marquez','1961-10-29','B-','Côte D''Ivoire (Ivory Coast)'),(232,'Xyla','Chen','1983-08-29','B+','Aruba'),(233,'Troy','Walker','1944-06-27','A-','Burundi'),(234,'Quemby','Hunter','1966-10-08','A-','Georgia'),(235,'Athena','Alexander','2002-03-31','B-','Israel'),(236,'Raymond','Hines','1984-04-17','AB-','Somalia'),(237,'Joan','Strong','1961-01-13','B+','Guyana'),(238,'Jonas','Casey','1950-10-18','A+','Bermuda'),(239,'Catherine','Huff','1971-06-09','B+','Madagascar'),(240,'Amity','Hoover','1966-11-27','AB+','Tunisia'),(241,'Axel','Whitley','1991-03-11','O+','Samoa'),(242,'Meredith','Zimmerman','1934-04-09','B-','Iceland'),(243,'Xandra','Wilder','1938-04-28','B-','Ecuador'),(244,'Silas','Conrad','2000-03-20','O+','Cocos (Keeling) Islands'),(245,'Rafael','French','1942-05-24','AB+','Romania'),(246,'Hayley','Mcknight','1951-06-11','A+','Serbia'),(247,'Brenda','Spencer','1962-05-24','O+','French Guiana'),(248,'Anthony','Caldwell','1953-03-08','A-','Faroe Islands'),(249,'Jolene','May','1991-01-27','B-','Iceland'),(250,'Lev','Cooley','1947-01-28','O+','Lebanon'),(251,'Camden','Paul','1986-08-15','B-','Brazil'),(252,'Orli','Rollins','2008-12-15','AB-','Italy'),(253,'Wang','Landry','1972-10-14','O-','Lebanon'),(254,'Fay','Lewis','1999-04-03','B-','Saint Lucia'),(255,'Clementine','Knox','2006-01-23','B+','Jersey'),(256,'John','Ballard','1942-11-06','AB+','Bahamas'),(257,'Bethany','Walls','2017-05-05','AB-','Palau'),(258,'Rama','Buck','2002-07-02','A+','Anguilla'),(259,'Donna','Ward','1946-09-03','O+','Monaco'),(260,'Randall','Farley','1962-04-25','A+','Botswana'),(261,'Lisandra','Dudley','1970-02-16','AB+','Georgia'),(262,'Maggie','Kaufman','2000-11-12','B+','Liechtenstein'),(263,'Clarke','Tillman','1967-06-08','A-','Mozambique'),(264,'Rhea','Holt','1940-04-17','A+','Botswana'),(265,'Chester','Raymond','1936-06-03','AB-','Congo (Brazzaville)'),(266,'Hedda','Kirby','1951-03-27','B-','Cameroon'),(267,'Magee','Taylor','1995-02-22','B-','United States Minor Outlying Islands'),(268,'Jerry','Snyder','1983-07-31','A-','Cape Verde'),(269,'Jameson','Flowers','1990-10-03','AB-','Ireland'),(270,'Scarlett','Chavez','2004-10-19','A+','Niger'),(271,'Beck','Henderson','1990-01-30','AB+','Bosnia and Herzegovina'),(272,'Alfonso','Melton','1982-08-11','AB+','Belize'),(273,'Mariko','Ortiz','2000-10-20','O+','Western Sahara'),(274,'Kenyon','Tate','2009-09-08','AB+','Christmas Island'),(275,'Karen','Mcpherson','2012-09-13','A+','Kyrgyzstan'),(276,'Rafael','Slater','1992-07-27','AB+','Svalbard and Jan Mayen Islands'),(277,'Kessie','Carr','1987-09-08','AB-','Western Sahara'),(278,'Regina','Rowe','1970-07-31','A-','South Georgia and The South Sandwich Islands'),(279,'Kuame','Henry','1946-10-22','AB+','Denmark'),(280,'Ezra','Farley','2006-03-22','B+','Kuwait'),(281,'Noelle','Hurst','1951-09-25','B-','Cambodia'),(282,'Burke','Griffith','2009-12-28','AB+','Cameroon'),(283,'Rylee','Berg','1954-03-13','AB-','British Indian Ocean Territory'),(284,'Candice','Richards','2013-01-17','O-','New Zealand'),(285,'Rebecca','Morales','1994-10-06','AB-','Sao Tome and Principe'),(286,'Tanya','Hardin','1937-01-07','A-','Benin'),(287,'Timothy','Wynn','2011-03-12','A-','Burundi'),(288,'Sasha','Hines','1942-03-14','O-','Saint Vincent and The Grenadines'),(289,'Barry','Roman','1955-03-08','AB-','Serbia'),(290,'Chelsea','Bailey','1975-11-12','O+','Saint Martin'),(291,'Violet','Barrett','1995-10-14','AB+','Swaziland'),(292,'Noel','Houston','1999-01-04','B+','United Arab Emirates'),(293,'Kato','Humphrey','1961-04-04','A-','United Arab Emirates'),(294,'Davis','Monroe','1949-10-16','AB-','Tanzania'),(295,'Chloe','Gillespie','1982-10-11','AB-','Qatar'),(296,'Bertha','Maddox','1967-10-05','O+','Christmas Island'),(297,'Hamish','Carson','1956-03-31','O+','Netherlands'),(298,'Wylie','Newton','1966-01-04','A+','South Georgia and The South Sandwich Islands'),(299,'Nasim','Perry','1942-09-07','A-','Senegal'),(300,'Halee','Rush','1946-08-21','O-','Jordan');

--Tabla telegono_persona
INSERT INTO "telefono_persona" (numero_persona,id_persona) VALUES ('134944636',1),('269417079',2),('528243536',3),('055288791',4),('18241875',5),('842927458',6),('89308435',7),('559114867',8),('695424775',9),('95263046',10); INSERT INTO "telefono_persona" (numero_persona,id_persona) VALUES ('26542638',11),('75742733',12),('006583887',13),('56632917',14),('24219768',15),('01935466',16),('433463702',17),('593185894',18),('72387105',19),('351133502',20); INSERT INTO "telefono_persona" (numero_persona,id_persona) VALUES ('27304096',21),('227384019',22),('63347590',23),('174851093',24),('51151427',25),('745631319',26),('609429888',27),('69070947',28),('90195663',29),('55856107',30); INSERT INTO "telefono_persona" (numero_persona,id_persona) VALUES ('472408091',31),('17615740',32),('015936207',33),('92603640',34),('66466606',35),('44532703',36),('50001875',37),('545822452',38),('45350869',39),('650353776',40); INSERT INTO "telefono_persona" (numero_persona,id_persona) VALUES ('01506463',41),('97724403',42),('155020552',43),('856421167',44),('17371084',45),('117348452',46),('209990125',47),('66608581',48),('17305699',49),('95517148',50); INSERT INTO "telefono_persona" (numero_persona,id_persona) VALUES ('91009778',51),('99175588',52),('09350594',53),('684118603',54),('410669892',55),('12923738',56),('92970536',57),('44620735',58),('448930357',59),('81585835',60); INSERT INTO "telefono_persona" (numero_persona,id_persona) VALUES ('19743101',61),('03044347',62),('175461241',63),('39047245',64),('868180071',65),('922680800',66),('00166690',67),('53591823',68),('564590976',69),('51039818',70); INSERT INTO "telefono_persona" (numero_persona,id_persona) VALUES ('709250256',71),('088325333',72),('148838742',73),('16993338',74),('55762664',75),('73837087',76),('451009114',77),('903632437',78),('85674601',79),('83386904',80); INSERT INTO "telefono_persona" (numero_persona,id_persona) VALUES ('07081297',81),('345285118',82),('64905047',83),('226687784',84),('898187780',85),('24120145',86),('329347885',87),('374418543',88),('486240173',89),('78653221',90); INSERT INTO "telefono_persona" (numero_persona,id_persona) VALUES ('03703155',91),('38040803',92),('85311738',93),('502650474',94),('37265271',95),('13884031',96),('02037813',97),('387821217',98),('33098411',99),('410385245',100); INSERT INTO "telefono_persona" (numero_persona,id_persona) VALUES ('28239905',101),('50807731',102),('80105588',103),('401870189',104),('879764335',105),('78081091',106),('20159149',107),('531263173',108),('716845587',109),('98902019',110); INSERT INTO "telefono_persona" (numero_persona,id_persona) VALUES ('88150899',111),('17575018',112),('229063151',113),('67175908',114),('09204288',115),('592780331',116),('88235764',117),('828522067',118),('21968677',119),('29906432',120); INSERT INTO "telefono_persona" (numero_persona,id_persona) VALUES ('464015068',121),('48476504',122),('86681749',123),('34578586',124),('002510573',125),('262311694',126),('744544168',127),('967185591',128),('29857303',129),('154663436',130); INSERT INTO "telefono_persona" (numero_persona,id_persona) VALUES ('80050593',131),('53570381',132),('80924877',133),('705072932',134),('32299074',135),('918259708',136),('30250340',137),('317743271',138),('69182227',139),('118758709',140); INSERT INTO "telefono_persona" (numero_persona,id_persona) VALUES ('78450045',141),('360661590',142),('46121162',143),('350774313',144),('992156732',145),('11190413',146),('89797501',147),('80375222',148),('56123504',149),('934107765',150); INSERT INTO "telefono_persona" (numero_persona,id_persona) VALUES ('316851644',151),('268910613',152),('788242167',153),('10285534',154),('77350507',155),('61399583',156),('365322070',157),('666183024',158),('097570645',159),('85367039',160); INSERT INTO "telefono_persona" (numero_persona,id_persona) VALUES ('844858463',161),('83527463',162),('93668989',163),('302717517',164),('131604976',165),('45399039',166),('905301061',167),('778487123',168),('17445966',169),('678817757',170); INSERT INTO "telefono_persona" (numero_persona,id_persona) VALUES ('913457704',171),('35346658',172),('768944941',173),('78083449',174),('27389979',175),('279432817',176),('730383509',177),('360137317',178),('134019037',179),('296110227',180); INSERT INTO "telefono_persona" (numero_persona,id_persona) VALUES ('503538709',181),('065785400',182),('520143186',183),('930105338',184),('958179458',185),('94430239',186),('06657285',187),('733996798',188),('80221368',189),('44679597',190); INSERT INTO "telefono_persona" (numero_persona,id_persona) VALUES ('24562064',191),('005963956',192),('13695518',193),('641795973',194),('022774978',195),('194593443',196),('107773136',197),('28266445',198),('76498677',199),('40113753',200); INSERT INTO "telefono_persona" (numero_persona,id_persona) VALUES ('057189841',201),('71235551',202),('107868810',203),('42676628',204),('97500171',205),('82993019',206),('51441485',207),('87215044',208),('49983244',209),('743344679',210); INSERT INTO "telefono_persona" (numero_persona,id_persona) VALUES ('46079423',211),('702016998',212),('02618696',213),('107110509',214),('61822800',215),('60648124',216),('87962519',217),('031421523',218),('493137076',219),('809673307',220); INSERT INTO "telefono_persona" (numero_persona,id_persona) VALUES ('385125121',221),('83759261',222),('671384884',223),('18625054',224),('753428748',225),('18585214',226),('949673762',227),('39228036',228),('176586667',229),('053362396',230); INSERT INTO "telefono_persona" (numero_persona,id_persona) VALUES ('342915638',231),('804874094',232),('143996883',233),('52089719',234),('651958003',235),('961586174',236),('97314381',237),('84194206',238),('185172578',239),('36561580',240); INSERT INTO "telefono_persona" (numero_persona,id_persona) VALUES ('72378829',241),('48525872',242),('572175120',243),('02376737',244),('291952973',245),('917179709',246),('94677277',247),('27590738',248),('717513600',249),('029191702',250); INSERT INTO "telefono_persona" (numero_persona,id_persona) VALUES ('84246867',251),('040259196',252),('72427070',253),('03880856',254),('303075118',255),('78405637',256),('129565141',257),('536842390',258),('21760042',259),('416011479',260); INSERT INTO "telefono_persona" (numero_persona,id_persona) VALUES ('71721818',261),('59703275',262),('691406154',263),('71894459',264),('26634150',265),('65539726',266),('150759019',267),('960970475',268),('621511023',269),('02270535',270); INSERT INTO "telefono_persona" (numero_persona,id_persona) VALUES ('08054688',271),('25300639',272),('85675220',273),('14651152',274),('663406976',275),('87402327',276),('624068854',277),('193824966',278),('28421383',279),('00787242',280); INSERT INTO "telefono_persona" (numero_persona,id_persona) VALUES ('388493984',281),('371292207',282),('134313680',283),('284489968',284),('800351628',285),('620615710',286),('75839418',287),('755603994',288),('933122369',289),('229705287',290);INSERT INTO "telefono_persona" (numero_persona,id_persona) VALUES ('222608562',291),('222761326',292),('879768302',293),('93100298',294),('87135207',295),('68713446',296),('42957784',297),('303837542',298),('688392598',299),('64572272',300);


--Tabla donador
INSERT INTO "donador" (id_donador,id_persona) VALUES (1,1),(2,2),(3,3),(4,4),(5,5),(6,6),(7,7),(8,8),(9,9),(10,10),(11,11),(12,12),(13,13),(14,14),(15,15),(16,16),(17,17),(18,18),(19,19),(20,20),(21,21),(22,22),(23,23),(24,24),(25,25),(26,26),(27,27),(28,28),(29,29),(30,30),(31,31),(32,32),(33,33),(34,34),(35,35),(36,36),(37,37),(38,38),(39,39),(40,40),(41,41),(42,42),(43,43),(44,44),(45,45),(46,46),(47,47),(48,48),(49,49),(50,50),(51,51),(52,52),(53,53),(54,54),(55,55),(56,56),(57,57),(58,58),(59,59),(60,60),(61,61),(62,62),(63,63),(64,64),(65,65),(66,66),(67,67),(68,68),(69,69),(70,70),(71,71),(72,72),(73,73),(74,74),(75,75),(76,76),(77,77),(78,78),(79,79),(80,80),(81,81),(82,82),(83,83),(84,84),(85,85),(86,86),(87,87),(88,88),(89,89),(90,90),(91,91),(92,92),(93,93),(94,94),(95,95),(96,96),(97,97),(98,98),(99,99),(100,100);

--Tabla hospital
INSERT INTO "hospital" (id_hospital,nombre_hospital,no_camas,no_quirofanos,no_empleados,tipo_hospital,direccion_hospital) VALUES (1,'Mus Aenean Eget Associates',86,7,130,'publico','Ap #858-2354 Donec St.'),(2,'Nisi Magna Sed PC',62,5,97,'privado','9099 Varius Road'),(3,'Cras Eget PC',110,15,118,'privado','Ap #293-7897 A, Rd.'),(4,'Arcu Vestibulum Institute',122,15,184,'publico','P.O. Box 123, 8736 Mi Avenue'),(5,'Phasellus Corporation',195,7,196,'publico','P.O. Box 519, 1588 Risus. Road'),(6,'A Mi Limited',62,18,131,'publico','8244 Eu Rd.'),(7,'Nulla Eu Corp.',71,8,94,'privado','Ap #371-7515 Magna. St.'),(8,'Sodales Nisi Incorporated',70,12,48,'publico','P.O. Box 885, 1038 Lacinia. Ave'),(9,'Dolor Ltd',168,14,170,'privado','Ap #840-4742 A, Av.'),(10,'Diam Vel Limited',172,17,177,'privado','406-406 Scelerisque Street'),(11,'Dolor Dolor Associates',183,7,159,'publico','646-1945 Vehicula Street'),(12,'Dis Parturient Industries',124,13,104,'privado','650-8424 Placerat, Rd.'),(13,'Senectus Et Netus Ltd',169,19,158,'publico','P.O. Box 377, 6206 Malesuada St.'),(14,'Mattis Cras Eget LLP',174,14,125,'privado','P.O. Box 600, 4185 Integer Street'),(15,'Risus Nunc Ac Foundation',100,15,195,'privado','P.O. Box 739, 3478 Dolor, Avenue'),(16,'Magnis Dis Incorporated',78,11,107,'privado','2728 Pharetra. Rd.'),(17,'Scelerisque Neque LLP',181,20,54,'privado','Ap #699-9230 Rutrum St.'),(18,'Eros Proin Inc.',98,9,148,'privado','Ap #841-3606 Dignissim St.'),(19,'Nec Metus Company',182,10,49,'privado','Ap #785-7701 Mi Ave'),(20,'Ridiculus Mus Donec Associates',75,16,187,'privado','6688 Amet, Road'),(21,'Vitae Sodales Foundation',132,8,96,'publico','6074 Sagittis Av.'),(22,'Sit Amet Ltd',172,6,36,'privado','296-2270 Accumsan St.'),(23,'Mauris Aliquam Eu Incorporated',69,4,46,'publico','430-2189 Auctor, Street'),(24,'Interdum Libero Dui Limited',193,19,173,'publico','3911 Vehicula. Rd.'),(25,'Accumsan Sed Incorporated',152,12,161,'privado','554-9796 Dignissim Rd.'),(26,'Erat Etiam Ltd',89,13,88,'publico','P.O. Box 458, 2052 Dapibus Road'),(27,'In Consectetuer Consulting',57,16,164,'privado','P.O. Box 695, 5219 Enim Road'),(28,'Cras Vehicula Corporation',160,5,92,'privado','P.O. Box 700, 6613 Pellentesque Road'),(29,'Pede Nunc Sed Foundation',161,17,185,'publico','2201 Dignissim St.'),(30,'Mauris Nulla Integer Consulting',183,10,41,'publico','P.O. Box 859, 5243 Magna. Rd.'),(31,'Quam Limited',139,9,39,'privado','Ap #131-9088 Euismod Avenue'),(32,'Donec Corporation',185,17,180,'publico','Ap #966-3808 Velit. St.'),(33,'Semper Erat In Consulting',97,11,49,'publico','Ap #305-9301 Nisi. St.'),(34,'Viverra Donec Industries',95,7,115,'privado','7848 Etiam Av.'),(35,'Phasellus Dapibus Company',61,15,80,'publico','P.O. Box 725, 9534 Aliquet Av.'),(36,'Eu Inc.',59,5,151,'publico','2968 Cum St.'),(37,'Odio Sagittis Semper Foundation',110,16,132,'publico','3403 Lorem Ave'),(38,'Magna LLC',58,6,36,'privado','P.O. Box 456, 5854 Amet Ave'),(39,'A Corporation',179,16,130,'publico','Ap #246-1174 Ultricies Road'),(40,'Ac Ipsum Associates',193,12,189,'privado','291-5568 Pharetra. Road'),(41,'Elit Pede LLP',54,9,87,'privado','Ap #329-3163 Velit. Avenue'),(42,'Quam Pellentesque LLC',189,19,82,'privado','9942 Sed St.'),(43,'Sit Amet Consulting',122,11,183,'privado','232-4003 Neque. Road'),(44,'Nascetur Ltd',180,11,160,'privado','3832 Nunc Avenue'),(45,'Luctus Et Ultrices Incorporated',199,14,169,'privado','928-773 Quis, Road'),(46,'Erat Vitae Ltd',57,14,194,'privado','9047 Nunc. St.'),(47,'Id Company',55,12,120,'publico','3672 Aenean Rd.'),(48,'Erat Semper Rutrum Company',52,20,62,'publico','Ap #622-4099 Enim Rd.'),(49,'Feugiat Placerat Associates',130,20,95,'publico','Ap #100-507 Semper Av.'),(50,'Cras Dictum Limited',57,11,194,'publico','4350 Adipiscing, Ave'),(51,'Phasellus Libero Institute',177,9,65,'publico','P.O. Box 628, 1060 Dis Rd.'),(52,'Risus Donec Industries',169,18,111,'privado','653-1213 Erat Road'),(53,'Mauris Morbi LLC',123,12,72,'privado','3105 Lacus Road'),(54,'Rhoncus Donec Incorporated',165,18,77,'privado','3859 Mauris. Avenue'),(55,'Ullamcorper Velit In Limited',143,16,119,'privado','P.O. Box 463, 7290 Etiam Ave'),(56,'Turpis Vitae Incorporated',135,8,67,'publico','Ap #203-803 Magna. Ave'),(57,'Fringilla Donec Feugiat LLC',158,9,153,'privado','Ap #203-5156 Justo Rd.'),(58,'Eu Sem Pellentesque Limited',52,10,42,'publico','6852 Libero. Rd.'),(59,'Sed Auctor Limited',140,19,34,'publico','Ap #264-4531 Consectetuer, St.'),(60,'Vitae Purus Gravida Corp.',110,9,42,'publico','P.O. Box 210, 572 Magna. Rd.'),(61,'Donec At Arcu Corp.',101,16,78,'privado','Ap #698-7849 Bibendum Avenue'),(62,'Orci Ut Semper Company',100,20,93,'privado','122-1205 Sem Rd.'),(63,'Euismod Ac Fermentum Industries',123,5,80,'publico','P.O. Box 311, 8398 Sit Avenue'),(64,'Tempus Risus Foundation',108,10,79,'privado','Ap #913-3049 Auctor, Rd.'),(65,'Blandit At Incorporated',117,7,83,'privado','P.O. Box 976, 8567 In Avenue'),(66,'Aenean Associates',77,8,90,'privado','P.O. Box 758, 3760 Lacinia St.'),(67,'Augue Malesuada PC',108,13,154,'privado','8924 Tempor, St.'),(68,'Accumsan Corp.',155,17,96,'privado','593-2263 Odio. Rd.'),(69,'Tincidunt Dui Augue PC',161,11,52,'privado','6104 Duis Rd.'),(70,'Magna Associates',192,12,97,'publico','742-9058 Suspendisse St.'),(71,'Ac Foundation',101,13,191,'privado','4605 Etiam Av.'),(72,'Ullamcorper Viverra Maecenas Ltd',112,11,116,'privado','P.O. Box 556, 9562 Ac Rd.'),(73,'Nisl Quisque Fringilla Associates',98,19,48,'privado','2267 Eleifend. Street'),(74,'Auctor Velit Aliquam Industries',65,15,107,'privado','Ap #168-1730 Donec Av.'),(75,'Egestas Aliquam Corp.',165,10,79,'publico','582-3586 Ut Rd.'),(76,'Luctus Ltd',154,4,129,'publico','796-8839 Vivamus St.'),(77,'Tincidunt Company',171,13,153,'publico','7424 Etiam Av.'),(78,'Sem LLC',152,8,126,'privado','P.O. Box 178, 3350 Adipiscing Street'),(79,'Mattis Company',168,4,187,'privado','887-726 Volutpat. St.'),(80,'Amet Ltd',100,8,52,'privado','7985 Et, Ave'),(81,'Velit PC',55,15,83,'publico','585-6007 Pellentesque Ave'),(82,'Sed Company',174,17,89,'publico','365-9887 Nam St.'),(83,'Enim Corp.',109,9,131,'publico','655-6003 Amet, Rd.'),(84,'Donec Associates',87,15,39,'publico','955-2645 Eu, Rd.'),(85,'Nunc Mauris Sapien Corporation',167,20,134,'privado','7232 Et Ave'),(86,'Vitae Sodales Consulting',82,14,88,'privado','1460 Tristique St.'),(87,'Diam Eu Industries',138,18,127,'publico','202-4822 Iaculis St.'),(88,'Leo Cras Vehicula Corporation',93,18,144,'privado','954-4289 Aliquam Road'),(89,'Vel Nisl Quisque Corp.',188,20,143,'publico','1587 Mauris Avenue'),(90,'Integer Id Associates',87,17,134,'publico','Ap #430-8629 Magna. Street'),(91,'Enim Nec Tempus PC',89,17,190,'privado','Ap #802-3377 Rutrum, Avenue'),(92,'Id Ante Dictum PC',56,12,172,'privado','P.O. Box 377, 1988 Nibh. Avenue'),(93,'Eu Foundation',156,5,159,'publico','248-7906 Mauris. Rd.'),(94,'Vitae Sodales Inc.',141,10,188,'publico','Ap #223-5359 Pretium Av.'),(95,'Magna Lorem Ipsum Industries',173,15,112,'publico','562-9764 Ullamcorper Road'),(96,'Eget LLC',176,16,119,'publico','3570 Sed St.'),(97,'Parturient Montes Consulting',200,8,172,'publico','6541 A Road'),(98,'Hymenaeos Mauris LLP',194,15,47,'publico','P.O. Box 955, 5105 Euismod Avenue'),(99,'Primis In Company',166,16,79,'publico','268-9147 Natoque Avenue'),(100,'Imperdiet Dictum Institute',186,11,129,'privado','P.O. Box 130, 7735 Morbi St.');

--Tabla telefono_hospital
INSERT INTO "telefono_hospital" (no_hospital,id_hospital) VALUES ('15739449',1),('59352885',2),('466532721',3),('910963285',4),('356310816',5),('643362798',6),('94340418',7),('726264498',8),('87262458',9),('09385011',10); INSERT INTO "telefono_hospital" (no_hospital,id_hospital) VALUES ('22792201',11),('35725256',12),('88408336',13),('69673290',14),('844289820',15),('077169529',16),('40173537',17),('966140661',18),('20362878',19),('779641001',20); INSERT INTO "telefono_hospital" (no_hospital,id_hospital) VALUES ('239765132',21),('40600106',22),('21141544',23),('41346922',24),('72929468',25),('39452903',26),('35722926',27),('408452319',28),('74608672',29),('066794717',30); INSERT INTO "telefono_hospital" (no_hospital,id_hospital) VALUES ('053879521',31),('17868575',32),('361407292',33),('03552413',34),('356791240',35),('802896781',36),('294853643',37),('086594830',38),('61013724',39),('54244669',40); INSERT INTO "telefono_hospital" (no_hospital,id_hospital) VALUES ('457438108',41),('98377763',42),('18730703',43),('543602765',44),('666870056',45),('59297106',46),('721283012',47),('531724069',48),('63435532',49),('00867068',50); INSERT INTO "telefono_hospital" (no_hospital,id_hospital) VALUES ('814755721',51),('95948900',52),('224623587',53),('950430172',54),('02681277',55),('003843696',56),('51419107',57),('870666660',58),('63920386',59),('709505212',60); INSERT INTO "telefono_hospital" (no_hospital,id_hospital) VALUES ('426163455',61),('46139319',62),('33064245',63),('717943414',64),('82936655',65),('30585691',66),('64190101',67),('71251781',68),('13163803',69),('220578197',70); INSERT INTO "telefono_hospital" (no_hospital,id_hospital) VALUES ('758145059',71),('651621062',72),('18658237',73),('02597854',74),('913013386',75),('101412347',76),('935117403',77),('638630182',78),('00150737',79),('075150876',80); INSERT INTO "telefono_hospital" (no_hospital,id_hospital) VALUES ('22210719',81),('326096430',82),('91739804',83),('561022582',84),('688591089',85),('59479721',86),('24488016',87),('17741083',88),('983340147',89),('46694156',90); INSERT INTO "telefono_hospital" (no_hospital,id_hospital) VALUES ('52808149',91),('07192238',92),('994350062',93),('647694736',94),('241363653',95),('23762264',96),('177307454',97),('328694661',98),('162684551',99),('122108840',100);

--Tabla medico
INSERT INTO "medico" (id_medico,id_persona,id_hospital,especializacion) VALUES (1,101,95,'cardiologo'),(2,102,97,'cardiologo'),(3,103,41,'neumologo'),(4,104,95,'neumologo'),(5,105,34,'nefrologo'),(6,106,23,'nefrologo'),(7,107,47,'neumologo'),(8,108,30,'cardiologo'),(9,109,32,'nefrologo'),(10,110,21,'cardiologo'),(11,111,43,'neumologo'),(12,112,50,'neumologo'),(13,113,79,'neumologo'),(14,114,54,'nefrologo'),(15,115,100,'nefrologo'),(16,116,78,'nefrologo'),(17,117,2,'neumologo'),(18,118,39,'neumologo'),(19,119,25,'nefrologo'),(20,120,72,'nefrologo'),(21,121,92,'neumologo'),(22,122,53,'cardiologo'),(23,123,24,'neumologo'),(24,124,31,'neumologo'),(25,125,44,'cardiologo'),(26,126,78,'nefrologo'),(27,127,60,'nefrologo'),(28,128,75,'nefrologo'),(29,129,56,'nefrologo'),(30,130,71,'nefrologo'),(31,131,84,'cardiologo'),(32,132,98,'neumologo'),(33,133,31,'cardiologo'),(34,134,56,'cardiologo'),(35,135,88,'neumologo'),(36,136,56,'neumologo'),(37,137,68,'neumologo'),(38,138,4,'neumologo'),(39,139,72,'nefrologo'),(40,140,72,'cardiologo'),(41,141,30,'nefrologo'),(42,142,75,'cardiologo'),(43,143,8,'nefrologo'),(44,144,59,'neumologo'),(45,145,61,'cardiologo'),(46,146,6,'nefrologo'),(47,147,90,'nefrologo'),(48,148,49,'cardiologo'),(49,149,93,'nefrologo'),(50,150,69,'neumologo'),(51,151,80,'neumologo'),(52,152,17,'nefrologo'),(53,153,87,'neumologo'),(54,154,44,'cardiologo'),(55,155,49,'nefrologo'),(56,156,80,'neumologo'),(57,157,7,'neumologo'),(58,158,86,'cardiologo'),(59,159,65,'neumologo'),(60,160,43,'neumologo'),(61,161,32,'nefrologo'),(62,162,28,'cardiologo'),(63,163,3,'nefrologo'),(64,164,18,'neumologo'),(65,165,36,'cardiologo'),(66,166,59,'cardiologo'),(67,167,27,'neumologo'),(68,168,11,'cardiologo'),(69,169,13,'cardiologo'),(70,170,21,'cardiologo'),(71,171,85,'nefrologo'),(72,172,51,'cardiologo'),(73,173,24,'cardiologo'),(74,174,64,'neumologo'),(75,175,23,'neumologo'),(76,176,51,'neumologo'),(77,177,9,'neumologo'),(78,178,20,'neumologo'),(79,179,28,'cardiologo'),(80,180,33,'nefrologo'),(81,181,47,'cardiologo'),(82,182,78,'neumologo'),(83,183,23,'neumologo'),(84,184,96,'cardiologo'),(85,185,68,'nefrologo'),(86,186,42,'cardiologo'),(87,187,52,'nefrologo'),(88,188,66,'cardiologo'),(89,189,19,'nefrologo'),(90,190,24,'nefrologo'),(91,191,40,'nefrologo'),(92,192,40,'neumologo'),(93,193,40,'nefrologo'),(94,194,74,'cardiologo'),(95,195,53,'neumologo'),(96,196,49,'neumologo'),(97,197,82,'neumologo'),(98,198,14,'cardiologo'),(99,199,44,'nefrologo'),(100,200,63,'cardiologo');

--Tabla organo
﻿COPY organo(id_organo,tipo,tiempo_isquemia) from 'C:/Users/Gerardo/Documents/Octavo Semestre/Bases de Datos/organo.csv' DELIMITERS '|' CSV;

--Tabla extraer
COPY extraer from 'C:/Users/Gerardo/Documents/Octavo Semestre/Bases de Datos/extraer.csv' DELIMITERS '|' CSV;

--Tabla recptor	
COPY receptor from 'C:/Users/Gerardo/Documents/Octavo Semestre/Bases de Datos/receptor.csv' DELIMITERS ',' CSV;

--Tabla trasplante
COPY trasplantar from 'C:/Users/Gerardo/Documents/Octavo Semestre/Bases de Datos/trasplante.csv' DELIMITERS ',' CSV;
